file,event,length,width,tracesum,tracemax,tracedev,padnum
273_800p.h5,0,13.552793785958071,1.6659174547822855,143804.3909334152,16225.08980463206,3264.17091202099,22
273_800p.h5,1,13.562044910567522,1.2655369070145908,152405.46245942652,16157.359045465708,3296.7044879067107,22
273_800p.h5,2,13.629880911082868,4.88825520784312,140377.9140130562,13681.906875540706,3074.7197833515193,25
273_800p.h5,3,13.792896584387064,1.5469516257269038,146521.09338263012,17850.75408608121,3443.899345116483,35
273_800p.h5,4,13.710130418696401,1.0748408435357932,150848.54326149792,14645.850962465138,3153.7710453801587,34
273_800p.h5,5,13.782036338354583,1.5266807497604757,146872.00427471974,12675.975903939066,2986.750843117686,26
273_800p.h5,6,13.568868945777625,6.148804551127677,148898.48638617896,14197.514164507413,3086.7519001155756,32
273_800p.h5,7,13.513581725799689,5.813528536788097,149981.38321242973,14958.425422802906,3226.7850134715814,30
273_800p.h5,8,13.638091208924703,1.4829146790815497,145664.0493906394,10860.372002184326,2645.0154548612804,20
273_800p.h5,9,13.594466946478125,0.7038950697934926,144395.2060344323,17616.170478696196,3437.1004313378703,41
273_800p.h5,10,13.594457617980844,1.2381513965995166,149992.87367199812,18932.270209704093,3659.6830127409153,17
273_800p.h5,11,13.622866771976602,1.4178620749318223,144137.51723675855,12566.868716281206,2863.828545988756,25
273_800p.h5,12,13.787391999027138,5.370290272433472,147686.2787824836,22910.866630691282,3970.728678777677,33
273_800p.h5,13,13.783677525944048,6.109959205748432,145132.94419630748,20425.14821127711,3730.6829838288377,36
273_800p.h5,14,13.771955882945965,5.311661593073466,148634.28403460595,16199.750302455608,3299.2184428403057,26
273_800p.h5,15,13.653433596345556,2.6741557511770213,144150.40269962657,24033.307966736542,4088.893710669624,16
273_800p.h5,16,13.75223172892487,6.306265065587821,146480.4561485402,22146.6515084976,3944.3189669519475,40
273_800p.h5,17,13.578259784643809,5.043812166886893,150106.59143069925,15899.61539316205,3259.081511469836,26
273_800p.h5,18,13.417940527627858,3.9157034235392167,148209.18092574232,21741.396164482136,3868.883520664197,23
273_800p.h5,19,13.531458128777272,5.364264661756586,145172.6416013421,16073.77214470732,3316.719221046305,30
273_800p.h5,20,13.666073272304562,4.548336857055417,147124.23792532698,17619.32523950049,3460.6875241212065,25
273_800p.h5,21,13.820841033218713,6.404476649396607,142940.57738245305,14785.963585048863,3122.9525498333674,35
273_800p.h5,22,13.666487652465152,5.0027238387448,142753.04619023396,18461.03853033638,3413.865875424336,29
273_800p.h5,23,13.737515954006533,4.1148034306795855,149304.2753546532,17953.031670445467,3512.9842313411436,23
273_800p.h5,24,13.611040914301844,1.357321232300596,147804.85659763886,11988.050659865223,2866.2857628643346,18
273_800p.h5,25,13.680147656644829,0.5583738423152657,150128.52085498796,19574.68348118414,3670.206488714788,32
273_800p.h5,26,13.774406352512916,5.700948627795052,152240.66122987116,19034.285385110987,3652.6528333613237,29
273_800p.h5,27,13.726080913609698,3.704176851412738,150546.8271863833,17145.237695078795,3439.0307661433017,19
273_800p.h5,28,13.469122414830123,4.115951784411626,145555.01502314358,13493.966211075924,3014.323822184006,19
273_800p.h5,29,13.523059256165679,6.7201844442591785,147055.27853885002,11220.583178616549,2742.296595473165,27
273_800p.h5,30,13.738001616168344,1.1280507704581668,146954.19700581065,13734.722018180497,3119.256516617765,22
273_800p.h5,31,13.652116794471626,5.796574339929562,150423.17010193033,21296.504038010706,3859.421371647314,35
273_800p.h5,32,13.747603128083894,5.711128087504295,152034.79216952727,11029.114433349514,2720.7717780365724,19
273_800p.h5,33,13.66323946286954,1.2160654457451354,146430.33216985734,23337.359107253007,3971.215827557445,34
273_800p.h5,34,5.3793013698043435,1.4523087466736067,146004.09703522662,11783.235108438354,2771.2731693768014,20
273_800p.h5,35,13.575654508942744,1.6151622919557191,145923.9672526986,12355.961810822153,2922.826127978971,28
273_800p.h5,36,13.63072124131365,3.8070184352852876,153785.4995532072,23522.11353158755,4076.2654406019888,23
273_800p.h5,37,13.776880432480347,5.404015443194999,147011.90739823776,22546.208541357948,3946.5195931927037,34
273_800p.h5,38,13.483671403498304,6.328572000620982,142853.2721101541,14852.867976508542,3167.7358889339343,33
273_800p.h5,39,13.740249037217433,5.628047719667032,150779.93160477368,22002.472858732755,3900.9357704913964,34
273_800p.h5,40,13.810141506634896,1.6701323909300019,153543.3184490109,12384.78585776462,2912.7664000054638,22
273_800p.h5,41,13.792530685615084,0.9949202138500403,150452.1088488914,14302.588432594282,3091.4691602187063,22
273_800p.h5,42,13.51892794337593,5.419960604746225,146126.46637511902,22309.538858134805,3894.1220516897233,29
273_800p.h5,43,13.609772892956443,1.507949848867131,150256.81043505578,11942.998812797046,2898.475691895167,19
273_800p.h5,44,13.518068993998698,5.2428069509894275,149453.17435175146,22340.813809498555,3902.6011058162653,32
273_800p.h5,45,13.7125868098096,5.895837723290041,145554.29307279672,23078.867538012462,3978.4895029500994,35
273_800p.h5,46,13.802502066327364,6.720429106110528,146840.59230184514,19338.358449823147,3656.1195228104853,41
273_800p.h5,47,13.679285313186485,7.089309335594525,142538.00645773864,20881.93301140068,3718.2199759647633,44
273_800p.h5,48,13.685877103389123,6.837954714299691,141896.91052612095,19713.748567427872,3576.597327194561,43
273_800p.h5,49,13.511654281547635,1.0001175519332588,145720.38373179035,14095.534256784616,3001.3551808195784,18
273_800p.h5,50,4.137262414217183,0.942877332023135,148380.9217671736,23004.470155392137,4001.9991767110564,26
273_800p.h5,51,13.80060616933888,1.105150230737645,144915.67954378657,15912.657868720202,3326.79175765415,23
273_800p.h5,52,13.752899103817091,1.5494244086448954,142575.80991286467,13266.846482869485,2961.3560671377018,32
273_800p.h5,53,13.683496034530638,1.3208278186123146,146839.53235061085,16227.84950361564,3310.993834014827,28
273_800p.h5,54,5.686686403060038,1.7841632057191883,150531.95254671978,11464.332076859764,2740.852237832278,16
273_800p.h5,55,13.453675936093576,4.632890601558823,147804.43727940874,23857.247936124648,4072.5058008908827,27
273_800p.h5,56,13.7309644456774,3.432731148446117,144974.62569036015,18586.536377158805,3487.5676950436587,18
273_800p.h5,57,13.626418511709993,1.275615986787346,147000.00807352766,10825.510361624467,2628.112800788837,18
273_800p.h5,58,13.559616130314506,4.447773918679831,151623.92897299505,15764.538669554506,3355.1375537522836,22
273_800p.h5,59,13.534108959339607,5.259465923114965,151960.89664895396,18707.81195478078,3571.2955019254787,30
273_800p.h5,60,13.661534824658652,5.4876682546406705,144985.279032211,20194.72857453364,3731.050990754934,33
273_800p.h5,61,13.68015617330835,1.0324859539224231,146742.996291009,13167.212958522,3011.856204278947,23
273_800p.h5,62,13.648179300846268,6.537137779024634,145938.03731541196,21455.82780365672,3786.2423372249327,37
273_800p.h5,63,13.58803630773068,0.9341199814390937,148658.43528607185,15307.045335655366,3244.3397152602834,29
273_800p.h5,64,13.615443164233247,5.615987834382542,146049.83879716665,22638.150173236536,3917.169274556551,34
273_800p.h5,65,13.790803819883278,7.930023398936885,144497.5120194379,16636.74239300373,3374.891272509882,42
273_800p.h5,66,13.621167058530586,3.4416995156816723,147705.40361266292,18707.98023656185,3571.7769595341406,19
273_800p.h5,67,13.754170673279685,0.7033746283304214,146984.6146825313,17266.49417479315,3405.710687540122,26
273_800p.h5,68,13.499317911715845,7.178743651182841,134714.60709668385,12299.374381608104,2711.2056742068226,30
273_800p.h5,69,13.807522905534992,4.806134748966272,149643.38443079527,14493.461071218711,3190.868177185361,21
273_800p.h5,70,13.68421813777861,5.295920930116893,141810.72552251082,13675.663265424811,3003.8576679679545,25
273_800p.h5,71,13.642296124269686,6.713400923061673,147198.0985475031,14281.575696290134,3091.8697358980526,34
273_800p.h5,72,13.831070744485528,1.3781836605676279,153500.47010150898,13697.380616200498,3104.563202507643,27
273_800p.h5,73,13.485717010901737,2.823011541082862,146760.62492969038,12088.064617611819,2821.559518800529,22
273_800p.h5,74,13.716062081048483,3.252609272749803,149326.3371030642,22463.10336919557,3959.4496292021954,19
273_800p.h5,75,13.440478268222067,4.40887123697162,147210.5616783991,23136.52715684504,3994.269565636003,26
273_800p.h5,76,13.706728145728333,1.1517362869338024,144739.05233950855,20698.184064780176,3752.0726109633474,38
273_800p.h5,77,13.744096736841275,6.469816817322195,147607.2859996671,11948.647032153121,2854.511548359896,29
273_800p.h5,78,13.549802926425603,8.005228521486677,143824.9772036891,12445.460401511411,2934.035362294947,40
273_800p.h5,79,13.738259040245756,5.97351953365813,148136.82815840776,19989.109243919345,3678.5851137578393,35
273_800p.h5,80,13.573310776828396,0.42157325364817294,147212.2854528813,21883.91752523416,3879.254209001686,26
273_800p.h5,81,13.541892585389938,6.445198706389418,150373.00656812917,11909.215873019446,2806.803065577458,28
273_800p.h5,82,13.670965131988154,3.7868314494409843,144828.74484781857,22946.613542677103,3952.1221828581874,23
273_800p.h5,83,13.409722232400133,6.481599504095045,145870.1908803204,17545.36472391881,3452.698768709805,37
273_800p.h5,84,13.469502492097778,6.0794810720722525,144578.47172418053,18051.409023041277,3431.959526375166,34
273_800p.h5,85,13.527562090688734,5.164461823280397,145662.2021389195,22788.76426841488,3935.013091679524,31
273_800p.h5,86,13.569470546442492,1.4215766713424531,146977.84392321715,13673.798367861886,3046.933105190432,32
273_800p.h5,87,13.757136073793239,1.6717186353841942,148731.25387699774,14047.479646986552,3120.9724715561015,17
273_800p.h5,88,13.53711725482315,1.557489669240479,153437.08320930396,12697.987037994826,2950.160992559429,20
273_800p.h5,89,13.599648929345099,3.876761531441111,151900.6353937575,15984.190497697227,3366.4438944170274,20
273_800p.h5,90,13.684567776548585,6.690237837805266,148886.345829161,20679.132257712263,3886.793891484981,42
273_800p.h5,91,13.773109209632961,5.327222906242502,145653.74697734084,13490.408953881277,2957.1797644297585,26
273_800p.h5,92,13.669845034114354,4.230972365875891,151366.04984301064,23818.457192548303,4102.417192408666,26
273_800p.h5,93,13.450258320928768,6.05093396410534,150841.05420666045,11241.082798083466,2718.477806738318,22
273_800p.h5,94,13.673273864309632,4.1393439459364965,146704.27630040742,16203.726800541708,3230.050472009324,22
273_800p.h5,95,13.611850112000823,7.979436147174001,148798.4488405198,20704.176749979793,3773.8104672968057,50
273_800p.h5,96,13.601527669296736,1.197212471048647,146415.85260125555,15367.46576148031,3266.673493667582,25
273_800p.h5,97,13.56550999410335,0.9939247848984709,145729.23451923308,13474.202113109486,3026.3236313390676,24
273_800p.h5,98,13.664297634991119,5.916962167277548,144729.29455554235,14297.932476718735,3046.183406200979,30
273_800p.h5,99,13.573868126888526,4.715250460517569,144600.04382796443,16830.93789977957,3398.6994221290156,26
273_800p.h5,100,13.736258045849818,2.6073554988267658,147919.97914975436,21115.409038071757,3897.5006617045005,22
273_800p.h5,101,13.570965490488028,3.4386764558398997,150695.4797852366,22268.092646552257,3943.3095489697357,19
273_800p.h5,102,13.75744469852937,5.05486859750941,145953.7234159782,18495.74157827463,3593.8065711791573,29
273_800p.h5,103,13.661647945091145,5.641112519114595,147785.73683766546,14762.998361211134,3186.9222724943393,29
273_800p.h5,104,7.192873359075483,0.6538295540379214,140957.781348227,19956.42149456047,3631.5497601312886,44
273_800p.h5,105,13.560541754114455,7.552313679098518,143633.76738671993,16877.88517499527,3353.947482052249,44
273_800p.h5,106,13.649798239272284,5.776222314553845,146570.4066849638,22425.228766383312,3905.2434775169254,31
273_800p.h5,107,13.547227402238574,6.262255267682029,147428.47617932674,12863.314282319334,2943.1997445540874,29
273_800p.h5,108,13.468334013710864,5.770951637226945,147373.37718950416,21861.8175134543,3879.06089506468,35
273_800p.h5,109,13.558197234926041,3.6232241451084324,150289.58646413655,23840.440807451392,4096.232391152037,22
273_800p.h5,110,13.680958332594695,0.6572656613916501,148036.6886110793,17538.825963283474,3462.0986997711852,25
273_800p.h5,111,13.843062897345861,0.34304882447940516,146138.99950238096,24084.439698325186,4075.1654439935155,19
273_800p.h5,112,13.681560945436747,4.815839834519119,148768.6331238555,23413.522418516455,4039.7161743972742,30
273_800p.h5,113,13.749348018469362,6.622912967377178,151653.49911444614,14048.916378698574,3133.9360933083053,31
273_800p.h5,114,13.603003149936955,1.6059768061194553,150399.68579169127,12184.369179819989,2858.939658553602,26
273_800p.h5,115,13.595306297260587,1.5567804864813086,149329.68568065012,11908.65291799796,2884.7262983417704,22
273_800p.h5,116,13.720809868144404,6.179710175222107,150048.43535287748,14696.021055467587,3152.7592532710664,31
273_800p.h5,117,13.558990555652382,4.221358392721258,151848.64148326247,12477.546277330062,2906.7239389852866,16
273_800p.h5,118,13.662580344832202,6.268262284494852,144779.6063917974,20965.167301894846,3768.2346556059365,34
273_800p.h5,119,13.377482213224686,1.3064369443993469,150024.69953673382,13689.766989477033,3089.312944822455,19
273_800p.h5,120,13.49446205762638,1.4173066847536846,148748.44486995466,14236.533042275627,3066.611494040356,33
273_800p.h5,121,13.75878335203522,6.248579765961835,147164.55992568488,22615.94687351838,3918.9365018949584,38
273_800p.h5,122,13.807592372407248,3.2122977426416437,145945.71374620518,23772.05713315552,4121.410843295541,17
273_800p.h5,123,13.665986286420013,5.574214183679082,143498.61962431538,22564.501153524223,3876.926253933972,33
273_800p.h5,124,13.676680028185556,5.705741726814069,149275.6318903055,16450.07887243151,3306.8236796199812,30
273_800p.h5,125,13.653056247336607,3.773711035726275,145795.60543305238,14502.09798155955,3069.8367935050733,17
273_800p.h5,126,13.760139666563582,4.866428781224918,154569.85590784688,13681.830623091359,3158.0130504975086,23
273_800p.h5,127,13.640836338109164,4.523599492442318,145586.85312760132,13963.717481293825,3111.3234082149925,22
273_800p.h5,128,13.681079209370747,3.8478715735942144,143855.3643348772,12491.34700534561,2865.0893379463873,16
273_800p.h5,129,13.7718360522381,6.053937978985216,148435.6781825236,22400.813828634695,3984.7322866627683,38
273_800p.h5,130,13.485016377807417,5.5910285156165935,146298.2085972477,19767.91071150735,3656.7331767208834,32
273_800p.h5,131,13.465558916289988,5.360212982941527,150607.5635541429,17426.888333840972,3493.209112501023,30
273_800p.h5,132,13.565155804032665,6.063703488444308,145571.54961283103,10914.968854058718,2711.16505599279,25
273_800p.h5,133,13.764671571234704,4.90354706189109,139513.1055127089,21457.067031580977,3738.3914915927458,30
273_800p.h5,134,13.697658574703883,0.7897420287466547,149411.62780434423,18764.3300839321,3556.2246996391937,32
273_800p.h5,135,13.659988011093096,4.196895946457921,150235.56687622267,15276.073701303096,3289.6721919487136,20
273_800p.h5,136,13.487759166068507,7.3263157880699,151102.3258191147,12655.20383787101,2961.7328697632356,35
273_800p.h5,137,13.463473078946802,5.304818407889671,142713.71913289314,13825.078868310258,2934.379337530968,23
273_800p.h5,138,13.570430349802512,5.451708873042102,146069.40076866257,12404.563989057422,2824.079639980343,22
273_800p.h5,139,13.651958158508657,5.795727669859798,149680.05347379952,23093.063633230166,4076.690546439241,36
273_800p.h5,140,13.449473196217925,6.617630044319999,152015.72593626258,19202.910687828768,3642.8595457080833,39
273_800p.h5,141,13.660796872480573,6.682368621774551,144419.40965852654,20738.68863579635,3727.5225426478323,40
273_800p.h5,142,13.676936592160759,5.928474454808308,142201.83950324878,18185.930321233154,3484.263914055225,32
273_800p.h5,143,13.699763202007453,1.4120487128356902,143301.0432880431,12946.16661928012,2865.556837965905,23
273_800p.h5,144,13.586704251578384,6.500301762205075,147561.2724804901,20230.745969209886,3686.4341465352554,39
273_800p.h5,145,12.276893237797347,3.482614242518346,144779.77440547934,23370.019229041674,3979.100228486682,19
273_800p.h5,146,13.638392552884815,0.74240897589015,145172.57687867715,19443.931206915877,3627.8538411262934,34
273_800p.h5,147,13.606679501907047,4.091484799048132,143908.452878386,16210.753257672559,3285.0221284695226,20
273_800p.h5,148,13.562709267746989,4.199707143787835,148047.98397260896,18329.79090193829,3521.787299150284,22
273_800p.h5,149,13.715771318385883,7.355003588875892,142836.07398525457,18931.248533794474,3492.2928142976602,43
273_800p.h5,150,13.432467859915803,1.380466588796633,153226.37693882236,13954.04784488663,3134.319712734494,30
273_800p.h5,151,13.454432832071003,7.719277063397702,147423.03664781598,20897.29165309972,3797.8903151612635,46
273_800p.h5,152,13.717577927753211,5.124015905518662,147710.15306230757,12204.978760747767,2843.132988698867,19
273_800p.h5,153,13.617814319730881,4.921578605633651,146037.36583681722,12023.161068220372,2801.539352217708,17
273_800p.h5,154,13.722100881165346,6.8772135789048345,146337.75011389283,20206.885792323672,3723.5214633727333,42
273_800p.h5,155,13.815505450787462,5.546826753212658,144961.31458678897,22025.82863557755,3862.178546157778,35
273_800p.h5,156,13.492577442017186,6.388774042178876,143423.79050134425,18754.229240042463,3490.9816812805807,36
273_800p.h5,157,13.502224075045612,6.98584946188754,146976.28558485687,14829.078710631682,3237.0264672725675,36
273_800p.h5,158,13.576778200283105,5.004319052548777,152197.50716014492,22843.480624645043,4069.7751695456345,29
273_800p.h5,159,13.618812146968592,1.410017576653517,151114.99724779525,12660.505304964925,2980.3568722246087,29
273_800p.h5,160,13.457235798887908,0.5240028417411938,147652.03329433218,19475.108489165996,3644.0582304414947,16
273_800p.h5,161,13.588093355274369,4.951289589466302,147922.97950875966,13595.196209540445,3049.888590283055,21
273_800p.h5,162,13.662283542721761,6.085307882379654,137303.3762828324,20811.526363721063,3699.441907550777,38
273_800p.h5,163,13.661450813017854,6.455706197320495,145843.59447956688,15534.150696497303,3241.9682003408802,33
273_800p.h5,164,13.572401085309902,5.198036437316898,144896.92912018258,15410.935007061506,3214.3091639461613,26
273_800p.h5,165,13.813690031754014,6.045581863686562,148745.85399448883,17375.72674623828,3425.0229235113934,35
273_800p.h5,166,13.674172139351873,6.528503520497418,146853.52220891684,15457.366703941905,3253.595842013891,35
273_800p.h5,167,13.782151876709047,1.7477359140071187,145909.5173338736,16397.500180326377,3319.941997715489,27
273_800p.h5,168,13.625916930080399,1.3539762717516863,139795.92499211006,14415.818649502202,3000.1303731437456,22
273_800p.h5,169,13.720528974481201,5.976238022279854,149223.5956335994,22433.257853235587,3930.500486535501,35
273_800p.h5,170,13.64708844244644,5.152811558004714,147083.39506960817,18493.43955097187,3569.9688685280735,29
273_800p.h5,171,13.5296154803204,0.45514079751600034,147004.1882161523,21855.341464633042,3861.957364139955,43
273_800p.h5,172,13.649569592424703,5.158732915290715,148083.78053958958,22815.17521410938,3967.2626402820024,29
273_800p.h5,173,13.454014472210496,1.643364735078349,148714.17039650213,15205.996489450481,3142.376086231054,17
273_800p.h5,174,13.744812318868703,4.688128516771824,148178.96669440327,22462.08620995517,3912.646978836304,28
273_800p.h5,175,13.586206768274595,4.056627001190063,144622.87952021312,19396.751961428734,3574.3854446670744,22
273_800p.h5,176,13.82317771943764,4.067755658010644,146343.8946832228,16719.033241224264,3323.5920208858743,20
273_800p.h5,177,13.740416151629406,7.038639391949923,151021.7493665611,11711.338102114461,2852.1554527344183,32
273_800p.h5,178,13.648233406275518,6.191316703065531,149828.20704871416,13224.484088842402,3077.588963802861,26
273_800p.h5,179,13.724964553113791,6.167695909516938,147840.1748307138,12414.52300187114,2874.1453663153025,24
273_800p.h5,180,13.66887490341993,5.944481900463888,154594.28103227704,16102.865670422678,3369.785471715976,31
273_800p.h5,181,13.767962863227252,4.75203470093205,138281.49525951516,20277.231800307192,3594.2422503716166,28
273_800p.h5,182,13.568753037742479,4.676924234127015,150000.35444985356,13469.429658831961,2964.857811052226,19
273_800p.h5,183,13.695920551421468,6.276392508197217,145983.82307691372,19986.15525426803,3645.926879687528,38
273_800p.h5,184,13.44890353675342,5.160644374652164,145865.93618976104,13489.238368343717,3008.431197794284,23
273_800p.h5,185,13.804274148458754,6.038129082741818,150571.07528605816,11094.060239799888,2752.8503395882663,25
273_800p.h5,186,13.433440315555934,6.264214902739451,147404.77036416263,13850.5341455136,3085.9989262123217,31
273_800p.h5,187,13.490862687316634,3.8740722715289966,146938.4414374714,24422.71699603688,4081.270879758486,23
273_800p.h5,188,13.822081835512368,5.53344299683227,143629.81984711878,22868.643393088038,3878.730257032026,34
273_800p.h5,189,13.781352506701348,5.584350228696365,145800.8637238945,20090.852994150417,3716.6430224703636,34
273_800p.h5,190,13.664978295371041,4.581063783631864,146092.20557876833,23105.7444304104,3973.9603878587045,28
273_800p.h5,191,13.723656135087156,1.502352765867479,149095.7649295205,9979.073898202942,2560.9863863780433,17
273_800p.h5,192,13.409403335062663,4.475186619336992,151781.36367653628,14466.208979707637,3188.443031862863,20
273_800p.h5,193,13.617153220961026,5.063900498573363,147796.11980251133,22387.07197333611,3925.8538378306744,30
273_800p.h5,194,13.58608841249822,7.068606276081922,145563.6109237909,13142.373926220675,2941.751083415118,33
273_800p.h5,195,13.467108222115476,6.121363620896822,149241.19626179067,12399.258605567285,2901.268677945324,26
273_800p.h5,196,13.759155401869306,5.234624135990896,150571.6244967202,13136.120207526954,2989.0902359390425,23
273_800p.h5,197,13.651428360010364,0.8426294303329528,146909.07994140507,16147.892662223729,3307.4719736072657,28
273_800p.h5,198,13.61025133679129,4.420671798721227,146015.32884706266,23330.692751978462,3988.7225378564813,27
273_800p.h5,199,13.70124688868457,6.257420786763063,145770.4437164328,20664.480526336167,3761.684971966779,38
273_800p.h5,200,13.632029709292379,5.731658722697009,151918.84889384801,14026.699669881811,3092.2831344186948,26
273_800p.h5,201,13.765541635277938,6.251055779733204,150063.8051128319,16405.763915813885,3405.44854956977,31
273_800p.h5,202,13.485897901118042,3.68542077632984,150738.89686886888,17766.7886588721,3572.814102919977,18
273_800p.h5,203,13.608634496656393,6.280226943730524,140822.39893747008,17547.71544389796,3356.375877408935,34
273_800p.h5,204,13.671321547111909,6.996692390942579,147980.3659494911,17763.66340955543,3484.151492829491,41
273_800p.h5,205,13.683112677575563,4.249341040463326,143746.855459428,19991.317149735576,3655.892823333143,25
273_800p.h5,206,13.528303659454068,5.0503110008734415,150649.2668132726,15994.52320777002,3361.1657924637134,26
273_800p.h5,207,13.492957085777729,1.5433736464146448,145079.9250530578,12565.049248641853,2920.4791298050945,23
273_800p.h5,208,13.565567950527893,5.621029696935345,146665.29607971298,17670.745937177584,3449.478696965979,32
273_800p.h5,209,13.590757555902611,1.5983184221925226,142326.8355340278,18999.375932174094,3532.0562131726892,30
273_800p.h5,210,13.617712517044566,6.933586362715709,147924.16255351127,21998.118930441986,3869.957587785504,43
273_800p.h5,211,13.7422142362203,1.0905517144969143,149351.9854648483,12668.57962079239,2989.2514698898626,25
273_800p.h5,212,13.512132969386256,4.378408158855213,150568.00853647065,23818.479963677903,4122.85729302429,26
273_800p.h5,213,2.6632713425033896,1.2020418090907443,142941.1573891538,23293.13834838036,3916.3301646428913,18
273_800p.h5,214,13.804586085066585,5.659296308942125,150711.40071373052,17033.05069454468,3479.172151188636,32
273_800p.h5,215,13.622767706261316,5.890873910507934,147281.2966414767,13233.617272651485,2938.198964238206,26
273_800p.h5,216,13.516845944638511,5.54957285782363,144733.67563884417,20013.396063145694,3711.4841805738356,33
273_800p.h5,217,13.70624797552173,4.669960873349391,147477.69477333053,21138.296304221807,3828.6920444792413,27
273_800p.h5,218,13.667869715535426,5.426756560105129,137748.23642159504,21190.645487815797,3696.7901895813034,33
273_800p.h5,219,13.705112630496526,4.861298517358033,145527.57882336032,22811.204261947183,3949.2296079813887,29
273_800p.h5,220,5.181207586603211,1.9437747266551086,146161.71433850162,11933.114070569594,2716.840007479051,13
273_800p.h5,221,12.77960892341492,1.6144608899650637,150136.26570450253,11937.614109924958,2837.9187911553577,17
273_800p.h5,222,13.515598243121275,6.949505225941231,149577.24218850647,18318.899307062693,3575.605833348164,41
273_800p.h5,223,13.799743861555132,6.450008637385101,147983.09059840813,11551.965205989129,2805.06985570711,28
273_800p.h5,224,13.590842288465009,4.551089842951336,148203.98950536584,13137.434578782402,3028.684220597549,20
273_800p.h5,225,13.586691887755839,5.879565375750625,149384.89889443782,12697.8287888209,2915.572496830682,26
273_800p.h5,226,13.539771827910307,4.460364849370851,143715.3451279428,20382.925367737225,3722.865189591235,25
273_800p.h5,227,13.450865282284191,5.602077734166919,146759.0610134058,11530.293934231182,2779.5763112655222,23
273_800p.h5,228,13.676395817921575,6.699635783914483,145066.897697321,20707.698731921417,3732.793166242913,42
273_800p.h5,229,13.723549680760842,6.616610480246974,143537.79234433576,19522.900857429227,3576.6906526625808,40
273_800p.h5,230,13.465730150521777,5.106111163079732,150214.5796777314,22995.561940089447,4007.166349680269,31
273_800p.h5,231,13.706817841929057,6.463767452032716,140944.78679533454,18226.416571334383,3481.427627295213,39
273_800p.h5,232,13.389753448300642,6.029438598020544,150792.25465224686,13525.662538080951,3039.0187381826995,28
273_800p.h5,233,13.62135030382505,5.512643896863678,146397.3478190829,18822.874486682413,3613.6849727130375,30
273_800p.h5,234,13.690428689940992,6.694000200763638,147881.92354819624,15120.340006042756,3279.42781056428,38
273_800p.h5,235,13.738951166122845,4.015351559392753,145197.5830023958,22182.086644732743,3922.0460169368375,24
273_800p.h5,236,13.448297390565832,6.927774369024597,145037.35177532615,21642.205916856383,3813.251663182125,40
273_800p.h5,237,13.782689788002637,6.873998635747887,145874.36670030316,13738.518790780743,3080.002532971317,36
273_800p.h5,238,13.547846953228802,1.2245917397397275,142823.30468283404,15996.223011762237,3216.1433231566375,41
273_800p.h5,239,13.612502778259511,5.599668831073749,138610.52185344303,20356.70972681657,3733.802549472581,34
273_800p.h5,240,13.627039599326,5.728868233064268,148379.4136816536,22941.683645352008,3990.437216926617,35
273_800p.h5,241,13.813583302905894,5.719627027158931,143740.0920564623,22235.45810311643,3881.445695525215,36
273_800p.h5,242,13.624101267396183,6.241705255586045,145773.9352943113,22424.48686385923,3918.6948909822077,39
273_800p.h5,243,13.479958244631261,4.694736487353334,149916.53294763202,13567.701058993836,3094.9964498487134,20
273_800p.h5,244,13.486023864969575,5.405610095682192,147123.6357407116,18355.9471747428,3564.7317505269557,29
273_800p.h5,245,13.603372700201344,4.9200889487323956,144502.17314044293,17374.619095806513,3447.0899142532007,27
273_800p.h5,246,13.553965891766474,4.480327948948792,149154.5984945166,15248.302749956529,3249.6503270271587,21
273_800p.h5,247,13.644150507638377,4.458658645139534,149008.31363233764,18170.75143033618,3592.783689611999,21
273_800p.h5,248,13.453584640643056,1.0902467910519398,148004.828739207,13644.022923348823,3088.4072093729246,26
273_800p.h5,249,13.695364941508046,1.2332670004381099,146456.52546577656,15776.711997425691,3226.355964646949,39
273_800p.h5,250,13.58642409608941,4.714837241204353,148450.47235259615,13647.37799463253,3084.5707501422776,22
273_800p.h5,251,13.53583243597861,5.113772785898053,142351.2945327366,20818.375850550146,3721.8415651201253,30
273_800p.h5,252,13.786200659496098,6.7881674791733895,150524.939017613,14279.67778896816,3096.7489179078007,37
273_800p.h5,253,13.613662166806025,1.3004335953877186,145038.45395321754,16212.448191634452,3300.1207006064956,37
273_800p.h5,254,13.647167818313275,4.400648914791667,147397.18059220025,23473.303269084197,3997.4975285139476,26
273_800p.h5,255,13.472984997237532,7.566805611838197,149136.85471666232,18693.185157141783,3572.8181578167428,44
273_800p.h5,256,13.498086366171,3.5726592682701654,146936.16907760067,23587.305118169053,4036.924552687052,20
273_800p.h5,257,13.477439765280065,1.8406868401799132,152470.45632378085,14307.058620007103,3106.064219749429,28
273_800p.h5,258,13.490847364417139,0.9771130233302043,149443.23041603182,15327.334949041033,3259.33723943255,32
273_800p.h5,259,13.650285049757954,5.481469458387037,150346.37817735737,11381.039508578004,2728.8022571714478,19
273_800p.h5,260,13.546209402091815,4.474296167071411,136147.41885062266,17669.077219416416,3365.8313003449966,25
273_800p.h5,261,13.81511944219652,4.8390623932205585,146488.38494360377,21480.346195666694,3850.3574647392725,30
273_800p.h5,262,13.796780174753863,6.813201461950779,151611.34164032445,19832.131605436134,3790.128179020301,42
273_800p.h5,263,13.658892019684211,1.2646018842545497,147421.87755700364,14537.170764063869,3098.3748559271403,31
273_800p.h5,264,13.559201368886656,6.918755836595708,143083.57621728766,16419.75578354523,3314.356484511412,36
273_800p.h5,265,13.580415927369293,4.961201467543204,149599.79489135707,15351.122626771785,3241.144610802242,25
273_800p.h5,266,13.541692459607457,4.259547232434968,150134.31155377653,21487.903650587607,3979.7042607527237,24
273_800p.h5,267,13.642284471792207,6.811439958270295,148701.85595848097,11923.139906293009,2857.038522934724,31
273_800p.h5,268,13.71499319388591,1.7186096195972447,153678.46221076674,12168.875371922464,2904.674320468141,20
273_800p.h5,269,13.549788223645308,5.3256688069059726,148232.18336835387,22363.022582003192,3900.5959207133938,31
273_800p.h5,270,13.596884582057895,5.995340606010244,147298.9231648168,19245.20916654811,3634.6566885853017,34
273_800p.h5,271,13.781138203967203,5.97473993238005,144954.7936052005,19305.291178176598,3615.420893963348,36
273_800p.h5,272,13.599983704430537,5.639441116984779,140754.32898187372,18649.088783200605,3474.728431226209,30
273_800p.h5,273,13.569859220137147,1.7286407578634206,148290.17084918576,16519.057393224753,3344.820634452588,31
273_800p.h5,274,13.73996203134542,7.111960334116786,145915.679796487,19646.082514722977,3624.444621834816,42
273_800p.h5,275,13.597907532317384,4.673235603437973,148795.57980765335,19107.0071267371,3596.144898603936,27
273_800p.h5,276,13.525378057020275,7.656784853748994,150665.58170451113,19353.644334669847,3615.7811142216733,44
273_800p.h5,277,13.603120147917338,4.828737510259728,143441.32542963035,21767.44787059867,3874.6864960481776,29
273_800p.h5,278,13.556572115379979,6.76447185639459,137460.56252142318,14710.623956695339,3109.846524583191,36
273_800p.h5,279,13.60697778690449,5.894126457514953,146685.2145964013,12681.877959814732,2928.4188022679177,26
273_800p.h5,280,13.52980176894802,1.6621310798542384,150874.7251339734,14102.785839556496,3115.851569753204,33
273_800p.h5,281,13.655841103176257,6.514396386959896,149409.17744032457,16250.750933022762,3302.192417624186,36
273_800p.h5,282,13.724220758481408,5.957205457724745,150110.61448246744,21080.786459215582,3805.4676018958703,30
273_800p.h5,283,13.555335184144628,6.681535532392939,145926.1046311964,21069.316939809945,3772.3830487876944,38
273_800p.h5,284,13.61759814911319,5.889648504159353,143730.669336134,11978.071975511051,2824.646506124673,26
273_800p.h5,285,13.577489709424862,4.523793362684007,145941.1421205268,14775.18827020878,3088.8540284602377,19
273_800p.h5,286,13.440637460898657,5.252156920065283,145143.19203350303,13898.878320786838,3004.1004343524187,23
273_800p.h5,287,13.790156024335714,4.677798742696687,147024.38025996435,18324.82423959426,3555.5479649277304,26
273_800p.h5,288,13.52708481576995,5.616612952582296,151519.37423085014,19713.18720228903,3693.1039235194385,32
273_800p.h5,289,13.738184827356374,1.1447806419365232,148690.30885746592,13393.148446512492,3073.1426081974223,24
273_800p.h5,290,13.775172086135308,5.458567061708107,148328.05674371394,14236.610698389819,3112.1215223523714,28
273_800p.h5,291,13.694376064063016,1.203044674894257,146036.61895180246,13569.37087828846,3044.8560357283836,33
273_800p.h5,292,13.700164832288888,1.3225976275107483,145731.8307059427,12007.50664242644,2916.9256220658776,19
273_800p.h5,293,13.685929032818803,5.548251659484416,148148.05781063976,15176.360080296272,3250.6241094404795,29
273_800p.h5,294,13.782029221871916,4.404494750896916,146479.93839096805,12929.088099173077,2953.813810774897,18
273_800p.h5,295,6.964305614010893,1.1713444581178414,144855.6210061917,15507.305550611769,3209.411677998087,38
273_800p.h5,296,13.419976007906733,0.8147371590627984,147067.17328370243,17957.313358512394,3492.6949444167103,35
273_800p.h5,297,13.738802816681908,6.739656053296124,150216.83195453518,17535.553028352428,3495.236673639822,39
273_800p.h5,298,13.70406594621635,1.4875323525466377,150335.99238296488,12258.047420937466,2882.534559095775,29
273_800p.h5,299,13.718898291797359,1.228933905937769,148894.66570197663,15395.10942956334,3291.386988843742,33
273_800p.h5,300,13.547192621788767,6.641111928964349,148212.6204258159,17616.13170604696,3468.989729593545,38
273_800p.h5,301,13.559485369889975,1.379022719045855,147633.42958044677,12780.220056670276,2866.5651855641045,26
273_800p.h5,302,13.688088399697609,0.7223570572549629,147273.75165661031,18530.65027808008,3513.608377791675,40
273_800p.h5,303,13.63342800890214,0.6504052967420837,149397.51537388854,19766.091950024238,3699.8502233076083,43
273_800p.h5,304,13.849876470218847,3.592428462643088,147481.0414604728,16211.03969584624,3420.7275651786044,19
273_800p.h5,305,13.568021434392566,6.137398196541281,146219.07767584824,15862.01814353896,3258.9161766759385,34
273_800p.h5,306,13.587443903180686,6.7383100510324345,145614.93249983867,17490.178833819777,3424.7182317982792,38
273_800p.h5,307,13.639469691610838,6.063678737560787,146226.66972652165,16652.78804431896,3359.1397777870825,33
273_800p.h5,308,13.821663173716786,4.538999321614423,149137.89124167594,23734.700442812045,4049.948168429649,28
273_800p.h5,309,13.726815083265155,4.863947018210024,149445.13254027968,17343.132409790687,3451.7609095202656,27
273_800p.h5,310,13.715568499155026,4.106775469673976,146304.74139119452,20912.39764869797,3792.1765780470323,24
273_800p.h5,311,13.503595630654136,1.2456283086726456,148416.4765369611,15931.521667954645,3318.1757765081898,32
273_800p.h5,312,13.509574607367382,1.2904664508540058,148543.3516880723,14789.710901175526,3129.215660582971,34
273_800p.h5,313,13.61955615448997,5.962793723157132,150651.8100242798,10975.087810269257,2727.258281035134,22
273_800p.h5,314,13.756959645819114,1.3612787484008255,150507.5634808511,12500.939778036622,2936.0190771307134,30
273_800p.h5,315,13.728890234407027,1.1384843560990114,145910.42460122512,13983.39469976286,3099.5737365308923,34
273_800p.h5,316,13.667349769891102,3.6985571893194598,146840.32227563247,24789.871168699035,4125.179603206334,22
273_800p.h5,317,13.51992059991177,6.4893603515591485,147065.32689499983,20747.14423724866,3765.314217725182,39
273_800p.h5,318,13.462508166790737,5.13361955385349,147650.3830728075,13734.401130621909,3049.659905387993,24
273_800p.h5,319,13.733347751922143,4.0743143963310375,149562.02625617938,13191.35807996883,2998.7026103931,17
273_800p.h5,320,13.397364973442741,5.585433984438896,148863.86102130477,12127.408111241417,2880.956585055304,21
273_800p.h5,321,13.809901521688477,6.442129291894601,153661.91832581122,13547.77924004314,3100.9076228342233,32
273_800p.h5,322,13.60554568288236,0.9437917845196085,144976.42479943304,12729.19165104148,3007.9951293370727,17
273_800p.h5,323,13.716975243677737,0.35838543709657056,143767.52648022087,23620.700484885747,4013.9750687522646,26
273_800p.h5,324,13.772817124722268,0.7711638148761069,149751.61125810782,18563.11855223535,3575.0548123743724,30
273_800p.h5,325,13.766905773110814,5.32169012514918,143245.2764807587,19901.71166931606,3655.166807327598,31
273_800p.h5,326,13.550711766060369,5.341681744984792,146552.02308719483,22962.06248912002,3956.7830275823785,29
273_800p.h5,327,13.56417801904173,6.595998438606826,144517.2677065544,15754.756484308982,3214.8286301378444,36
273_800p.h5,328,13.78475598604904,1.1157627915206068,154999.33268230993,15475.630584912069,3322.6185210704075,36
273_800p.h5,329,13.676251885688519,3.7219147992267074,146478.07564054438,14283.835178201878,3055.650962914039,17
273_800p.h5,330,13.467172068970118,6.743119572289366,141549.67580854218,17905.887434803724,3432.214947167365,39
273_800p.h5,331,13.659753774465111,5.5795031234700945,144398.0571634091,12532.528835143572,2872.768104090001,25
273_800p.h5,332,13.575734492800963,4.129389147122953,141866.40954546334,14414.635153722882,3055.637958728165,20
273_800p.h5,333,13.44917156599204,1.2383738814206893,148612.99190571427,13583.734277661215,3099.21548483331,31
273_800p.h5,334,13.545708017795318,5.383933490209979,143727.26907016372,21961.21257188332,3820.2400943502525,33
273_800p.h5,335,13.687484613819313,3.318977201584202,144695.94278394178,16838.050865246107,3335.349484715279,17
273_800p.h5,336,13.667310026177134,6.715378164518464,150075.1486655131,22299.62995583557,3929.9758181890857,42
273_800p.h5,337,13.54819928663049,4.620028569523941,145507.11798704142,12387.448139649077,2912.5203974663696,19
273_800p.h5,338,13.528077052112222,3.9039805367496,147362.00058810916,19531.847564300122,3627.637533053837,18
273_800p.h5,339,13.59767960878197,5.061509188427531,143503.08774957457,21581.199048523173,3818.9405485041293,31
273_800p.h5,340,13.70052299775293,5.689707863410572,146356.58908607467,16069.456722565312,3259.8424606201725,29
273_800p.h5,341,13.807805407105176,4.40705511943573,152030.7947433649,20835.18652593353,3819.2416156049,26
273_800p.h5,342,13.765969990684985,5.04935721623873,147569.26972127866,20943.745568820454,3825.7343372101345,31
273_800p.h5,343,13.639909225665713,7.206919204242736,140442.22020001474,17256.95865116921,3332.62593042354,41
273_800p.h5,344,13.691769451981754,1.2524093627673136,148127.21501149976,12131.986452406372,2881.585242584666,24
273_800p.h5,345,13.746485419906806,6.495673598973702,145159.57947346888,11413.953468762265,2692.6662834159174,27
273_800p.h5,346,13.743689023026366,2.2378618517424047,147770.93142629787,13057.583100538879,2807.5480021853277,19
273_800p.h5,347,13.552301073683507,1.2401130364536574,146800.0618809022,16544.921497941574,3306.727133866457,31
273_800p.h5,348,13.51948458650352,5.991900738486445,146446.52905644887,21619.850937512965,3843.8173261751117,36
273_800p.h5,349,1.9672293324460386,7.117206270656711,143787.15655623874,11934.368226273225,2804.3421988313917,10
273_800p.h5,350,13.7321270840944,4.438121066344626,143589.28902221684,15269.600736456892,3101.9909110676094,22
273_800p.h5,351,13.614103910747966,6.541851926397059,149407.45581689567,21348.54501995492,3848.104426791003,39
273_800p.h5,352,13.777902683317093,5.257880077082501,149918.86214615393,22757.00190637531,4016.3545153559817,32
273_800p.h5,353,13.644178567454798,2.3722458527462993,147562.06403318176,17457.638074841125,3418.626722847435,42
273_800p.h5,354,13.61716577892194,3.4522418717191083,147209.33418972194,23425.077333848087,4008.483868906151,21
273_800p.h5,355,13.657219123418468,5.436743468930266,148563.06495916052,12508.735928252258,3027.383686020533,23
273_800p.h5,356,13.488293494475151,6.710723879052475,148287.61369823327,14954.04783041183,3143.802797354815,35
273_800p.h5,357,13.442117205993219,4.94503652387613,145064.6150124558,22092.981174730267,3917.070583592845,25
273_800p.h5,358,13.618961844769213,6.8204027480199105,146664.93911036997,20384.50066426955,3690.001393856325,42
273_800p.h5,359,13.67077390071778,4.711817342890913,151477.11527654293,12794.293910216209,2932.6532580606267,20
273_800p.h5,360,13.622047274981664,5.877071887744099,145843.14338315994,16901.36541726284,3394.0870812749054,34
273_800p.h5,361,13.619675525992646,1.1754202270720806,146632.10423673177,16203.626231767093,3289.63052290832,21
273_800p.h5,362,13.43520905322677,0.601610356000532,145752.33121128313,22447.20164772471,3906.8302200722105,26
273_800p.h5,363,13.46736780765064,6.343300270689887,147891.10351364146,14679.76661828419,3174.3109387823656,32
273_800p.h5,364,13.519440441150612,6.336453507325703,143246.6867708486,21098.32125794489,3754.374870146381,38
273_800p.h5,365,13.61422734186675,5.622252053711488,143734.63109972695,21929.526748394866,3848.6526129078047,34
273_800p.h5,366,13.57372721165335,5.740636228073046,147230.21509138658,19441.49925318793,3666.038221950475,32
273_800p.h5,367,13.798237665920675,4.427027703687989,148551.72772218543,21233.462788583045,3843.6141890819804,26
273_800p.h5,368,13.805087220985138,5.906619698030268,150014.52927730605,14158.86558873863,3091.394265245624,29
273_800p.h5,369,13.527684363720155,5.308714671985259,143682.42583539223,15674.668467259491,3225.8820811608152,28
273_800p.h5,370,13.647679024134607,7.423407147726067,145620.3080378358,16564.727597957175,3329.2161134228513,37
273_800p.h5,371,13.44524842387723,7.001719153751217,147823.7630539302,13861.752461531474,3083.870005261746,33
273_800p.h5,372,13.533267481767826,4.509609269587462,147819.3642927123,11751.535135057566,2791.0395677799916,16
273_800p.h5,373,13.849145923545008,1.3869804719260428,150779.62895944042,21574.324782087017,3899.350741365639,24
273_800p.h5,374,13.503025985254423,4.300531841309485,144066.18943299583,21327.053991431032,4257.209935336759,24
273_800p.h5,375,13.808130633347146,5.436792707181983,149822.93490560885,21767.91912495465,3879.6284992693654,34
273_800p.h5,376,13.67291764382195,5.008520684315234,146501.06060737703,19304.05758752991,3577.0927532970304,28
273_800p.h5,377,13.621341731191679,3.588295646870014,142179.72331285867,18131.46538482697,3448.465376006735,19
273_800p.h5,378,13.649037758853542,6.906130638744224,148668.23415635424,16050.105359795203,3317.7152697888373,38
273_800p.h5,379,13.67943646819604,6.366938877795106,142354.32481010852,15031.923264143865,3203.1030431945283,37
273_800p.h5,380,13.658018843543937,5.444487558547486,143276.6139216642,13356.043516572721,2998.8040708312496,25
273_800p.h5,381,13.391598162724408,1.5700118597278612,149970.4306715061,17115.835063135542,3508.9134115846828,22
273_800p.h5,382,13.493465042319592,4.540017327355492,146611.06347096397,24039.530741309092,4096.044972004503,26
273_800p.h5,383,13.508797769745295,1.0363379029796769,148773.73078304625,12678.446410801656,2973.849012802678,27
273_800p.h5,384,13.452018726740096,5.709325508859843,146428.71324426195,12445.60894242732,2861.748331939894,23
273_800p.h5,385,13.583113103604616,4.22196519095378,146628.24102457924,12499.785128841819,2957.0836025736335,16
273_800p.h5,386,13.604160557217842,1.0515018096787478,145311.3464119931,14487.778153631623,3127.3885241778826,28
273_800p.h5,387,13.617010094639916,6.308322686226446,143213.95013731797,14787.574722497073,3125.684297245865,35
273_800p.h5,388,13.610062007970088,3.7236422313364934,145274.9998080487,14806.105362990163,3143.0884082183193,17
273_800p.h5,389,13.752834890284184,5.516159664727062,145107.43575453825,21179.54218651824,3782.1201592081857,33
273_800p.h5,390,13.81293467826328,5.6257832219390425,150978.7895335792,16160.366571662551,3318.180174413534,30
273_800p.h5,391,13.75413794111316,6.218907498130841,139937.21952144615,21220.147979695514,3743.7271011369835,39
273_800p.h5,392,13.82753417181582,4.072665725578893,148326.62056869088,14403.48497828191,3096.3788144428827,17
273_800p.h5,393,13.745712886240149,1.3070042242356041,148191.83375413812,15147.052245088653,3181.4129730208415,27
273_800p.h5,394,13.695311659404846,5.991741849441856,151584.89850118497,20353.27225235757,3755.785927529573,36
273_800p.h5,395,13.688947667641008,4.354308061509896,147850.48097935683,22274.41073192725,3913.011529968365,27
273_800p.h5,396,13.55076717992917,5.921795007266265,149519.4679326226,13213.865091760594,3021.228436669579,29
273_800p.h5,397,13.594914195904073,3.601487825080683,149589.29798954527,23690.577752009773,4099.918587415975,21
273_800p.h5,398,13.500620447325863,5.404205229387552,146550.68931501373,21423.74966179328,3820.7139993883375,32
273_800p.h5,399,13.712891042798736,5.471018509092337,146055.03443324135,11137.964404571318,2714.069524299072,19
273_800p.h5,400,13.63974962557229,5.225306868540775,146814.38697086123,22489.698890619617,3890.154286712692,32
273_800p.h5,401,13.54321375927962,4.030081059747342,143700.07890924698,17314.580853137842,3429.086984844012,22
273_800p.h5,402,13.647907731833612,1.7553186922320827,147927.6798458057,22947.595319787746,4013.98525086087,16
273_800p.h5,403,13.680284991370842,6.440171733222648,145998.78264113207,12014.073561073674,2842.011430673645,31
273_800p.h5,404,13.748348293884487,5.309162413440414,149187.39532692524,16853.655797419557,3377.2637341408467,28
273_800p.h5,405,13.597482420169811,7.024059053169777,137656.67560368267,16886.862314007034,3242.1204806246424,40
273_800p.h5,406,13.637178648318724,5.854567385543845,148261.5021595211,11801.664963101994,2831.212040246983,23
273_800p.h5,407,13.64420430087523,1.1660741360328781,147062.46418815298,13629.35847149804,3033.2320996198437,33
273_800p.h5,408,13.622211624879597,3.92812096848606,143593.82593930833,13801.74002857504,2986.8946030243105,16
273_800p.h5,409,13.693039797632562,7.0775230260460456,149648.73482351121,16767.166973556177,3414.2450755904842,42
273_800p.h5,410,13.46294477879906,5.05894327183844,148610.28215520646,24020.518345763423,4123.669459216996,30
273_800p.h5,411,13.7989798100158,6.231382051705823,150823.68703312054,12118.565764777604,2922.79575487597,27
273_800p.h5,412,13.683426877054993,6.318852163360315,149110.93485754335,14747.642812142085,3221.0773818869047,34
273_800p.h5,413,13.465003757524885,4.012292792990471,145008.67984691614,22175.709708725342,3927.5354293849036,24
273_800p.h5,414,13.505065319478161,6.2171393136774835,148374.51424384548,19597.745307984405,3644.666746524336,36
273_800p.h5,415,13.536902034474098,6.915414469337675,145030.6052068433,19376.89700369918,3597.85684448674,42
273_800p.h5,416,13.601598248484532,0.8351167552778904,145150.90306747294,15687.517322839596,3296.013300939484,19
273_800p.h5,417,13.508110724896767,4.890639688283656,151043.13254716975,14377.144910231787,3119.718186240437,22
273_800p.h5,418,13.76157196058047,4.298373543346216,145745.44767404816,23575.065657299314,4013.3054340323515,26
273_800p.h5,419,13.64133920732633,0.6128701763145964,144088.90470021282,18491.519072387237,3538.1635786443176,18
273_800p.h5,420,13.52707284621373,1.283192954070908,147206.8940277198,14037.329999369409,3088.4709886577593,19
273_800p.h5,421,13.55436986363811,5.554496467118084,148127.17359934005,19076.504321270786,3594.356261903174,31
273_800p.h5,422,4.683894487106842,2.057829416100196,147409.77073311497,15666.301940093212,3255.2863676400666,24
273_800p.h5,423,13.532593785983478,6.104168231893877,143816.84188582905,17388.635415631765,3425.3311161733645,31
273_800p.h5,424,13.747084623537457,1.5713373098276784,151876.10204745538,13411.833690410227,2983.239422184279,23
273_800p.h5,425,13.701073851860253,7.205093487899037,145058.27936393832,19516.733982362923,3604.193269507896,43
273_800p.h5,426,13.465014063050338,6.446917260617816,149459.8003955704,18876.459531238936,3582.5130274437056,36
273_800p.h5,427,13.760651481663643,4.400855091694933,147281.32205400977,15531.010899924646,3212.5530220205883,19
273_800p.h5,428,13.678688887106034,4.898228513738563,142343.29468013393,19823.63599823447,3621.4804839263447,29
273_800p.h5,429,13.732274988244972,5.499299955719473,139363.57813493244,20711.60392555635,3751.100034838222,33
273_800p.h5,430,13.62897150038636,5.510058660729187,148379.5237095004,14809.962490342288,3200.5733621237505,29
273_800p.h5,431,13.604680645040613,0.5872027032235482,145138.46650019378,20492.84253141121,3703.772194906652,32
273_800p.h5,432,13.613319460467492,4.320478410995736,142155.00752245972,20406.20207480481,3723.721917381008,25
273_800p.h5,433,13.617013554446999,7.037119495178105,149053.96003180466,17725.827245603534,3491.3693143486526,41
273_800p.h5,434,13.674909375324157,4.3817793940008745,148928.01523171537,23100.986158228217,3994.217543728465,26
273_800p.h5,435,13.582796617580478,1.97449943806705,151431.21708170607,17956.99968548214,3534.3934406146604,24
273_800p.h5,436,13.742717366339905,6.053514375540102,151122.84562134158,11882.247196293529,2791.4076422645094,25
273_800p.h5,437,13.63342959593192,2.8277367411670586,145008.21521371295,23624.745524085447,3990.4872788235903,17
273_800p.h5,438,13.662051433603335,4.289960578539156,147962.46252095365,22711.69431631346,3968.893834663039,26
273_800p.h5,439,13.55953784338285,6.835405634625266,143066.72895078373,16146.603698161252,3298.5745648917923,39
273_800p.h5,440,13.817521157962119,4.518041206953585,147364.66718705965,17770.787553323826,3461.896537127566,24
273_800p.h5,441,13.635459602036551,4.096772371930968,148171.25686059677,18030.09294657616,3541.3744608709653,23
273_800p.h5,442,13.50848165156936,5.231926084461883,140951.92131331062,19526.599628550688,3594.570857284189,30
273_800p.h5,443,13.826198292297805,5.373971412969639,152078.2850990668,11709.152770610825,2787.3177998522115,20
273_800p.h5,444,13.782391163513015,5.493725714848585,150326.11018512546,19953.975411317246,3716.954504045456,32
273_800p.h5,445,13.679480812017502,5.836827820911295,145826.4797857492,19473.743387088765,3614.0722923253375,34
273_800p.h5,446,13.536961909676684,5.113370989303643,146486.69307970724,19094.932268704622,3614.758093430726,29
273_800p.h5,447,2.677206547958689,5.251768273476898,143255.8758410232,18342.66692217035,3543.406207924486,15
273_800p.h5,448,13.445103055700747,5.06531077909916,148072.16421350252,21751.287761274787,3855.8815618064214,30
273_800p.h5,449,13.70296191778517,5.568967249741146,147078.98113721953,17896.2819960164,3357.678438388511,29
273_800p.h5,450,13.729795001124094,6.949364325180073,138739.26216411454,14393.192923294533,3051.1071106592085,37
273_800p.h5,451,13.670650475430861,2.8404290432328607,148569.65912614702,23369.819739688923,4024.417197563909,17
273_800p.h5,452,13.433029209488177,6.249640261043296,145733.07830800544,18529.87324777814,3575.8936224354293,36
273_800p.h5,453,13.54579032839555,1.4947906202649077,144566.91964684747,11905.434159364793,2802.8780608385814,16
273_800p.h5,454,13.640275376634467,4.952795777621899,136206.37582080765,13739.291065891628,2945.663430473655,25
273_800p.h5,455,13.472294751737953,4.22805218975253,148832.13420393039,22002.31042991381,3895.187617666716,25
273_800p.h5,456,13.697580392816294,5.215638459881489,144501.52793714002,11736.83310089641,2793.256505570663,21
273_800p.h5,457,13.635643144694916,0.5073213670079866,142628.99865882244,19506.912034478984,3561.8214109498012,43
273_800p.h5,458,13.704494242194071,3.291798813444401,139850.28100556898,18091.510148892936,3445.9930431403877,17
273_800p.h5,459,13.481837981549598,1.9403886992184334,148899.816887146,16056.157488551211,3265.562612194178,33
273_800p.h5,460,13.562688108815903,1.9864651518460548,147390.093176952,14364.948633344045,3057.001444037049,31
273_800p.h5,461,13.588350849070252,1.5305588049168894,149269.3094269577,17291.342888216357,3382.303905827655,16
273_800p.h5,462,13.741706950370123,1.2199848975975178,146348.51036739242,14102.83464634196,3099.111400780328,28
273_800p.h5,463,13.617693407449176,6.070027292360245,143742.08848113482,18158.695538663374,3462.5204487088854,34
273_800p.h5,464,13.812303314492286,3.949898579091226,148543.5537856924,22326.56964839911,3942.8828029167375,23
273_800p.h5,465,13.73464138257407,6.9926356456710375,148897.72068856406,13344.601955737284,3007.29729658174,36
273_800p.h5,466,13.542843113904443,1.8823207632646513,149419.70012355287,11555.986645180532,2789.3378139149313,26
273_800p.h5,467,13.624876980790733,4.6897545706489385,144706.51377855093,21098.32426455731,3752.347557692946,27
273_800p.h5,468,13.665559263201498,6.7556148623811625,143380.9335042096,20142.185357999584,3659.9100611532317,42
273_800p.h5,469,13.679147432471206,1.303908708842512,148443.30206542893,15082.129402647342,3166.973286290586,16
273_800p.h5,470,13.599967396539245,4.766533219492695,148381.98990541734,22805.71171994662,3957.7066413710468,29
273_800p.h5,471,13.505518605958558,1.5348490298899318,150190.40505640945,12729.688744666753,2912.0939732035185,24
273_800p.h5,472,13.749345787168517,3.4273875050416613,149678.42418900185,16642.947228443685,3450.107046851113,18
273_800p.h5,473,13.621106707748455,3.6189802487791374,142957.3174127359,22163.30544760391,3836.904189196273,21
273_800p.h5,474,13.575681242114563,0.5871670415613204,150585.2418847023,14491.108941942535,3168.9936710675365,16
273_800p.h5,475,13.56977449120855,0.9792296176130701,141308.52029842837,16750.010512745535,3330.138572449286,41
273_800p.h5,476,13.715159216309003,6.752608383359588,143170.54493276743,19017.67005892303,3579.692440098655,38
273_800p.h5,477,13.673180659741869,5.718986962321219,143226.89651826993,22122.498760776652,3885.484060254464,34
273_800p.h5,478,13.645385433065131,6.181414216980409,146732.18534959335,12287.815766679021,2887.296971455617,30
273_800p.h5,479,13.699453989512588,5.988839241612025,145546.99532656788,11020.295835061988,2633.980864018929,23
273_800p.h5,480,13.82645236652386,6.420667398205518,151919.1530947234,21837.734569828903,3987.254193344401,36
273_800p.h5,481,13.5812678256398,0.5405875006912195,146619.83081604925,20734.964719355485,3792.8414854868574,47
273_800p.h5,482,13.778240034940662,4.7230171193513595,148596.45053778327,19489.652706932622,3659.8727940732906,28
273_800p.h5,483,13.737336519430006,5.500358797804071,151931.00910612853,12877.240541364667,2903.058705419215,22
273_800p.h5,484,13.722367493368164,4.353576379211501,150825.7444127535,17545.694592284737,3446.245556049846,23
273_800p.h5,485,13.697282721550488,5.605920308783158,143124.77105130118,19633.57291660499,3583.1628343347966,33
273_800p.h5,486,13.548066932575347,5.537543882865213,146809.93261873908,15398.829662966775,3194.888953620112,27
273_800p.h5,487,13.73885938552438,6.837376996776878,147628.5625823838,19322.222054973365,3623.2849164053728,41
273_800p.h5,488,13.600867805477243,6.52427268277347,143997.14612527768,14548.35203320101,3156.4821669837206,35
273_800p.h5,489,13.696832159016509,5.415625550783257,144875.4412507732,19296.001292853678,3577.437930527847,31
273_800p.h5,490,13.602995678549433,6.968941776065991,145560.4240937653,21194.307364705477,3795.988355187597,42
273_800p.h5,491,13.457010901690786,0.9845921373183878,148175.9491008061,20169.899853775212,3686.235624942256,25
273_800p.h5,492,13.728974445750865,5.777881371866882,149661.95379067023,12390.738780899232,2861.822846740338,25
273_800p.h5,493,13.639703041242223,3.5296609695291243,146156.65094223266,23745.000942346807,4051.349101997493,21
273_800p.h5,494,13.535378482803115,6.710815831813351,146683.6712798518,13898.882013777416,3086.1068869653986,35
273_800p.h5,495,13.726539652641174,5.663968790883219,146326.11668989476,10795.342608842459,2660.849816626809,18
273_800p.h5,496,13.609696759933112,6.356766004738732,146742.4271472378,13667.85506822157,3085.475909519885,32
273_800p.h5,497,13.691832541984455,4.341439975556102,141587.18813774653,19223.620622588376,3519.5800979772584,25
273_800p.h5,498,13.642439174992179,1.2831161042731598,146440.22143695134,14544.17418693257,3152.2048304385676,31
273_800p.h5,499,13.416777465066149,4.667829601363213,146217.95200578717,20660.058076385238,3736.854965836031,24
273_800p.h5,500,13.5054807305655,6.328047327687352,146891.16103890905,14688.664359429242,3114.490195570702,30
273_800p.h5,501,13.488755382041763,5.36434098021196,151006.911232059,12014.183341766087,2902.2284321317225,21
273_800p.h5,502,13.432874749769226,5.983868895250536,155470.99440403294,12012.084485838552,2926.9481412781106,23
273_800p.h5,503,13.557635212324374,1.3802979575765189,151036.09645998973,13638.294250097186,3099.4203073966655,34
273_800p.h5,504,13.686900570063152,6.79643740105494,138619.3142765261,19740.97721720159,3534.066441476278,41
273_800p.h5,505,13.765682696843722,2.008743472225139,151759.39518951112,12208.372582361453,2836.7818310219063,21
273_800p.h5,506,13.832855265835091,5.216495760609549,152562.19071576415,23916.503301369637,4149.926797768959,33
273_800p.h5,507,13.625932833039862,6.548425129069749,145762.0481248642,15465.891997471112,3254.0444527548966,35
273_800p.h5,508,13.564374669864517,5.298863266419892,147873.8821824407,21902.336715036614,3851.924855457693,32
273_800p.h5,509,13.562749484741618,5.9082550393445805,150430.6024547519,20938.864948351198,3793.900036277212,33
273_800p.h5,510,13.76323976303678,1.2886362936277083,145610.01221215742,14125.166763571146,3109.8117620097105,25
273_800p.h5,511,13.665966689016566,5.991167764927133,149678.7170055854,11768.38883268056,2888.8414609193424,25
273_800p.h5,512,13.688863858877307,6.236211097546244,139809.19399370017,21734.803919462232,3755.742078744294,36
273_800p.h5,513,13.767398988855332,0.748222321780017,145419.4944644897,22227.07018971871,3916.3446519111694,33
273_800p.h5,514,13.79811780120142,5.908879269189326,142869.01750515355,18358.08667705984,3435.4075640617493,34
273_800p.h5,515,13.617857894681595,1.3592614460154593,148961.89704473125,12660.303622368161,2920.758474257122,25
273_800p.h5,516,13.552498820315352,1.1904326895330788,145101.5261696477,14214.058690186917,3102.9094890327283,28
273_800p.h5,517,13.563821387557422,6.250707047603313,136876.5482303878,20906.1876344971,3653.9283823229944,38
273_800p.h5,518,13.683812116695053,1.7053327255897206,147440.388582655,15665.212386202747,3208.796018327994,26
273_800p.h5,519,13.794741545943188,4.270781521818786,147826.503680324,15546.810136484206,3237.3534235615975,21
273_800p.h5,520,13.4954925497945,0.984463392196752,147717.44973520018,14726.058908738727,3157.771880356446,17
273_800p.h5,521,13.411232939184421,4.21478220087306,147808.22552594074,24045.601533369063,4116.589142935714,25
273_800p.h5,522,13.609953953222252,3.6690539782934057,146706.01034216167,22807.661768545688,3978.509159890384,22
273_800p.h5,523,13.694428998540932,1.1031738744979367,147815.23106499785,12314.083709289236,2836.84085609658,16
273_800p.h5,524,13.631885371721925,1.3357265619754033,149428.23635132736,11713.119208005293,2861.1145746703196,16
273_800p.h5,525,13.46110939969652,5.162490393680826,148498.91175661923,20296.970233821852,3805.4379429677224,30
273_800p.h5,526,13.48547628132337,5.362487187565561,142974.88941338952,14744.758635993947,3160.037381509286,28
273_800p.h5,527,13.413636515574337,7.089278161283412,146805.36154489053,15628.24018651821,3291.7667204550753,38
273_800p.h5,528,13.62027623757094,1.0786206742226907,150592.24115742624,14472.335931559312,3224.057504759427,32
273_800p.h5,529,13.417564265824767,3.8368686218011856,147194.52017620046,14848.394496540497,3158.6208993888404,16
273_800p.h5,530,13.632214173093901,4.680991787405016,150035.41977908555,16417.82989325676,3298.1282824613345,24
273_800p.h5,531,13.582712708416526,5.78183765565026,148483.73308629513,16211.219646844584,3315.393584473186,31
273_800p.h5,532,13.526133647939862,4.077450729550179,145469.42373242023,14247.68152432372,3087.8809281862546,18
273_800p.h5,533,13.485302959464956,6.664758769386818,148473.46161351504,12265.407345827867,2885.1868147200644,30
273_800p.h5,534,13.561667631809032,1.256957784614834,148734.6638688072,13214.193795709232,2945.3637052422323,20
273_800p.h5,535,13.288804586842495,1.4925474360417983,146674.36490873195,11380.809810407336,2708.5098345518254,16
273_800p.h5,536,13.696634183968062,3.5440365167166665,151337.07984292743,23288.317605927718,4027.4253503546493,21
273_800p.h5,537,13.54513301467063,5.486250938071557,146581.15096434255,12608.841087150966,2858.445967879518,24
273_800p.h5,538,13.414438796130781,7.356932637176505,142869.46145711362,17796.049058647815,3455.9956647386425,43
273_800p.h5,539,13.691172812018838,6.803566062946787,146090.9878000507,13471.333099349627,3027.074232679856,34
273_800p.h5,540,13.5736445651162,5.368070986451981,150528.7762952552,13011.925191134216,3012.5026909195394,23
273_800p.h5,541,13.655145013676574,6.702462697431694,141751.5529592127,22657.019192780168,3852.2282726401095,35
273_800p.h5,542,13.6421895770423,6.495167593866019,138517.04396205093,17380.75949597718,3331.4258483883027,37
273_800p.h5,543,13.65081337374379,6.331937874068721,141721.52965471311,20689.778669871535,3698.7487585652584,38
273_800p.h5,544,13.423014373646248,3.90169004562031,146530.56931501214,20825.643185822344,3782.598058485709,22
273_800p.h5,545,13.622344691823868,5.393116965315397,143899.7061579382,15128.737212528995,3106.6968103312142,22
273_800p.h5,546,13.61140583134666,5.696915511958502,144663.97218078992,16051.35179201721,3235.169505850056,31
273_800p.h5,547,13.430304125512937,5.817571526117982,151409.23883487802,11215.087555027023,2819.879648658307,23
273_800p.h5,548,13.681333251948505,5.482736811088895,139395.6944885522,13270.813818694005,2965.96421445046,27
273_800p.h5,549,13.588092880956003,1.433946548096153,143217.84479639956,14230.415824796975,3076.0420899505357,38
273_800p.h5,550,13.486746136439848,6.375611225770123,143270.01512577082,21766.359085334876,3762.631767682368,39
273_800p.h5,551,13.671669094306496,6.32532935117991,138362.6596233726,19159.89569859689,3468.7070805015155,38
273_800p.h5,552,13.713481269637088,5.8163326463490845,147579.10315193923,13463.831635570436,3042.5875206731894,28
273_800p.h5,553,13.644170847976266,5.413019588559763,139926.64648996262,10990.883171897673,2659.5498664378115,21
273_800p.h5,554,10.705021079788843,1.489589890854296,147843.7153932654,11581.812182360281,2816.2627814182642,14
273_800p.h5,555,13.793707537021003,7.541412680853952,147579.7385667519,18654.648719153687,3607.6639930340048,45
273_800p.h5,556,13.805371568880032,1.2226554030102326,150232.2418390043,13871.359570331731,3155.473089910999,25
273_800p.h5,557,13.644069253422987,6.942668462916177,139445.32623178232,15816.308871393805,3161.371517966764,38
273_800p.h5,558,13.383345809479021,7.767181007055232,148581.43039997108,20623.4820261639,3738.1985196497967,47
273_800p.h5,559,13.757117106696448,7.423780569461809,145364.39255033387,17613.632661400352,3418.3687315646357,44
273_800p.h5,560,13.716387153673427,4.0391065392995396,150070.34348150602,21411.230308430422,3877.3978979262693,24
273_800p.h5,561,13.66601895481914,2.0150940755375766,141246.18478687404,12499.314390794865,2784.9713058493535,25
273_800p.h5,562,13.425042568453232,3.7982527264766643,145402.06490486214,22767.395403513565,4025.9912862757274,23
273_800p.h5,563,13.661778654380978,4.920668248854159,149762.29946713397,16159.642543989987,3364.4462572143125,22
273_800p.h5,564,13.658546668729826,4.496888817010617,145191.58422827016,23373.876111719066,3968.8963659587785,28
273_800p.h5,565,13.544812066197103,1.5451090736035902,149954.85647946224,12841.945391779383,3030.2277502789952,21
273_800p.h5,566,13.776575161885699,0.530535600333725,146378.41593960623,19874.363756341314,3654.056801290272,34
273_800p.h5,567,13.571044006308398,7.542952342196853,142594.50897774452,12585.872887613057,2797.9465753390023,29
273_800p.h5,568,13.610810010053282,1.3658244888338542,150662.8689299687,21614.150875397372,3855.8701081239196,39
273_800p.h5,569,13.651952237924428,6.717993134743904,141365.2974050586,13966.214170442594,3022.30005923986,36
273_800p.h5,570,13.580133397024097,7.128447006759447,148171.23743425106,17830.415992913004,3492.4819435670315,38
273_800p.h5,571,13.6675466033067,4.718870420998956,138945.27106751854,15294.064655768336,3243.1141928241027,25
273_800p.h5,572,13.6539280419993,7.097243119163404,147754.56295856897,18683.43057809622,3561.7537890878293,41
273_800p.h5,573,13.730343161657187,3.3791076619410307,150362.0084730815,23611.64259977574,4072.3182694198867,19
273_800p.h5,574,13.54152451665463,7.182850362721535,152960.22607095182,13460.088957753473,3074.3172833469525,36
273_800p.h5,575,13.608508282247897,1.0811055598287205,147778.25387304986,16152.725977482381,3212.448981813888,25
273_800p.h5,576,13.58666192673607,7.202300160029857,143990.27027034553,20949.824173563335,3772.93292860833,45
273_800p.h5,577,13.76043363283958,6.144908618503153,141710.27312415405,17853.84540608869,3431.8940409605907,35
273_800p.h5,578,13.418946318652186,6.555428091641583,147142.00634071897,19941.053481812236,3659.1530358623963,34
273_800p.h5,579,13.604290273365368,4.916563589754662,152089.6900490369,13311.055285295817,3082.5927046807624,19
273_800p.h5,580,13.460667511027943,1.2924809779198323,147907.8264434362,20391.01920243002,3733.9558078434884,35
273_800p.h5,581,13.829073155735124,4.550594498998269,146335.1096952028,18929.62917108349,3495.7888483120037,25
273_800p.h5,582,13.50929917256361,5.001405386754078,145369.34857059698,12959.809122821138,2941.465806869464,20
273_800p.h5,583,13.528530587089524,6.0433027864930065,139831.07325190344,16072.043031254345,3239.275940202836,33
273_800p.h5,584,13.554833697611075,3.433207692398557,144215.35088934755,24244.026907782576,4115.190244376997,20
273_800p.h5,585,13.667640318344073,4.6882784363722285,144345.49536173718,21232.138978404608,3778.9047300068505,28
273_800p.h5,586,13.66903665323574,4.494675464968903,145314.11543847315,19036.70601687935,3571.42384657238,24
273_800p.h5,587,13.760298556946122,1.4186254028086782,142158.87446282024,13922.316715349438,3055.674343841544,25
273_800p.h5,588,13.609924286334833,7.434368943887605,142578.12306881344,18331.074784473134,3483.7868411995933,45
273_800p.h5,589,13.608385368410726,1.813984652039701,143119.98210521144,12676.963143373825,2888.862313626258,33
273_800p.h5,590,13.706045632799912,4.214298178342867,148595.90340756258,15591.752308317811,3291.388994689924,20
273_800p.h5,591,13.626191605618473,1.1855327298173748,143474.8110855897,13572.444160745601,3020.504584387011,29
273_800p.h5,592,13.697487897410006,0.5551786869618277,152473.5738101262,20298.401706750883,3786.953473705545,38
273_800p.h5,593,13.521346778092346,5.440806995993973,151435.25125371217,23044.71031929243,4010.822758170177,33
273_800p.h5,594,13.533061379258402,3.940695595293331,145325.79489330546,14387.945791568232,3141.0222226357964,19
273_800p.h5,595,13.61606939908134,4.137882808548744,145969.8330595806,15618.332572970416,3250.885224754235,22
273_800p.h5,596,13.757598167183735,5.577477422187688,144495.01567594075,13721.551254388949,3059.338235747913,26
273_800p.h5,597,13.582331654754768,4.4708673538299735,143954.85558185235,23312.460603331827,3955.700729915089,27
273_800p.h5,598,13.771912045131858,2.1037479706549664,150409.774963734,12403.408542636482,2914.6288728592735,20
273_800p.h5,599,13.723840497248217,5.4770433510588665,147020.36805788125,21349.748664010385,3863.275738630093,31
273_800p.h5,600,13.497539061060744,3.6934777181100835,148091.5922875981,22788.301740982868,3988.4509046736225,22
273_800p.h5,601,13.761970201287964,5.007722627553658,148422.61519557444,17491.53315875998,3440.8202270254274,28
273_800p.h5,602,13.718712392554975,1.3867123200773872,144365.13643044425,17900.631555063614,3401.4421603623405,29
273_800p.h5,603,13.478153240095844,0.6953311462759291,149825.8118301476,20608.082713574226,3778.9897343537086,25
273_800p.h5,604,13.503156337563926,5.508440499012159,148447.4908600597,18016.251035353933,3504.8709765867643,31
273_800p.h5,605,13.729529780228706,4.834814451560266,147148.3208689393,20521.84121666804,3711.9491089065714,24
273_800p.h5,606,13.465499847590051,6.846713393576475,150233.65609508814,16852.135875604432,3402.5517978930466,39
273_800p.h5,607,13.665899594026902,7.4180693889633655,147478.55525499542,15287.785771896342,3197.7206291096068,41
273_800p.h5,608,13.689680456438033,5.629662389204912,153788.5630015734,11405.056438612268,2833.749023465743,20
273_800p.h5,609,13.625525134036227,1.5626342598939371,147984.27559874914,14845.172354955715,3120.0300985524423,31
273_800p.h5,610,13.540428661496417,0.7977619179783036,146635.35648710863,17607.449617833106,3442.28903671794,23
273_800p.h5,611,13.74027841453227,4.204646655780605,148954.8872105511,23109.382183347534,4037.7244019517475,25
273_800p.h5,612,13.547671153293994,5.787548230484711,145665.05777352746,22465.197235628628,3925.9175027645206,35
273_800p.h5,613,13.60714538773591,5.691122509403771,148671.58612745497,12301.982427565808,2936.152371814193,25
273_800p.h5,614,13.75786051829246,5.29383996001705,146736.06833684852,12784.991340629624,2908.7732421449414,22
273_800p.h5,615,13.719894520475888,5.961114501455976,146165.12190194143,15379.104655792278,3287.9848940838465,33
273_800p.h5,616,13.662980920529767,4.539060218878897,147852.72928788522,22960.692699599196,3971.9825517483805,27
273_800p.h5,617,13.52980595686119,4.03409923010506,147722.28192124466,15297.958601911714,3252.3075940904714,19
273_800p.h5,618,13.806114250872866,7.297481416512296,151209.88062828255,22449.886831335498,3956.2294189263675,43
273_800p.h5,619,13.651009418654757,4.496672052097781,148489.98841687042,20792.84213737057,3806.6569378335826,23
273_800p.h5,620,13.672033754380129,0.8393726885240866,145321.6924501433,16111.65792431644,3310.3656753869,42
273_800p.h5,621,4.311801528850785,0.7221911947835941,147469.59383218933,23900.697344494274,4074.6935377788373,27
273_800p.h5,622,13.624781156811451,6.660128262277906,139478.98606046892,12975.641230745252,2933.8815680538896,34
273_800p.h5,623,13.627750443485777,6.3582619455993,144832.70489887148,10471.847279104397,2645.9514606952616,25
273_800p.h5,624,13.6151951015674,6.384507017441163,137369.93338919763,17060.636239008905,3287.918295395986,35
273_800p.h5,625,13.60471488388415,5.511789548154303,145665.23271053913,13686.586963546344,3054.6560347208106,28
273_800p.h5,626,13.735545447471667,6.137058830250782,147730.68953038208,15696.105264047474,3341.7226775413565,34
273_800p.h5,627,13.605401326708591,3.924219631175293,135605.66570024219,18773.254714160474,3420.220681470459,22
273_800p.h5,628,13.566702183388207,5.5838485335089345,143242.39159416757,19364.884623748287,3611.9924529519853,34
273_800p.h5,629,13.665473723678984,4.410507664427752,146070.84860669883,22465.499565732356,3936.9335299444633,27
273_800p.h5,630,13.594521380049722,0.5792493124051896,149682.01450733325,23715.645449134772,4063.1509357906825,18
273_800p.h5,631,13.529738332669195,0.4842026718279666,146157.48749035352,21548.42291722309,3829.500666172859,32
273_800p.h5,632,13.789793234505105,1.0405854986986502,144693.31662076165,20911.60544330255,3733.9040226125776,28
273_800p.h5,633,13.625696373477243,1.3248305626471166,141374.51331425982,20608.056165886926,3682.2116626597463,19
273_800p.h5,634,13.625634117952679,0.7943843667256848,151115.11816088285,17593.461525967843,3473.9949164317054,24
273_800p.h5,635,13.57793483475663,1.0072164997388988,140110.19161629432,17516.576538924135,3401.6904065780454,40
273_800p.h5,636,13.65059933777412,1.4463518986773503,148219.61402503523,13123.727826984225,3003.590810684399,18
273_800p.h5,637,13.560832117126592,1.2096025779712765,147148.83674880947,16239.556199139259,3386.501033477124,33
273_800p.h5,638,13.604101994106554,5.744379463122819,146821.35522120164,22948.118188874963,3955.1919849911587,34
273_800p.h5,639,13.366580209114352,5.0681792896518365,149495.14021721497,23273.70556517042,4018.395631808835,30
273_800p.h5,640,13.522102329164445,6.84795444143134,146432.53835917191,13175.178250049332,2992.398098470286,30
273_800p.h5,641,13.761712861760628,6.878414060709788,146926.00763703726,19022.78783739381,3589.2815177945786,39
273_800p.h5,642,13.488702466024654,6.267541210778848,148727.26864400992,14596.786499371743,3113.1447061413824,32
273_800p.h5,643,13.441477613378028,6.8605291472682435,144942.9623321916,12269.944506503694,2997.7311427793857,33
273_800p.h5,644,13.715103630363242,6.701004869676754,150622.97064536728,19125.18342606448,3622.6867632699773,41
273_800p.h5,645,13.715102160972338,6.515931237654833,150553.902763088,12670.435567031209,2978.768449944963,32
273_800p.h5,646,13.584540757228407,4.133269748672083,147431.9226866494,25063.139080194844,4226.656713176292,17
273_800p.h5,647,13.610761503017285,1.3497472256391339,151647.53098521958,16290.994710040728,3311.8355718038,27
273_800p.h5,648,13.77999583645142,6.293027262375876,149497.96136389964,12761.673767891058,2969.8745345781476,29
273_800p.h5,649,13.584762498737105,6.993360999151633,146139.31049874288,18875.515895200904,3593.591629268348,41
273_800p.h5,650,13.489914005168819,1.6157241441861776,144759.0197102739,11105.506670757386,2639.844205523835,33
273_800p.h5,651,13.50956853135395,1.4453241081340487,150578.89341831516,12725.746373501726,2924.7414705034043,20
273_800p.h5,652,13.451575627256988,1.5645925768431068,152063.69516055577,12639.33652246008,2951.859809436379,19
273_800p.h5,653,13.674348669106445,5.019053163003435,148249.32595652647,14708.38445336648,3214.228532636996,24
273_800p.h5,654,13.75651474914893,1.0694078467767645,145302.2432258444,13211.98724780855,3036.0482888901215,27
273_800p.h5,655,13.500472318225603,4.130955112104383,142028.41633127086,15265.183367348749,3220.631275139318,21
273_800p.h5,656,13.591897620128497,5.9471178805819465,145394.6520038019,12343.204702116687,2837.349887374139,25
273_800p.h5,657,13.5848216152312,7.017430630435612,148763.51987983813,17339.067300198752,3431.131127257438,39
273_800p.h5,658,13.82609326523445,6.648390442216814,155579.84800786772,16215.495528345806,3314.8102988434807,35
273_800p.h5,659,13.748321563881435,4.149808697004748,145782.79606894124,20423.917470229906,3763.831888213015,25
273_800p.h5,660,13.749482668835329,1.1416174190448094,149245.35358053228,14316.17110088518,3192.4403587601428,22
273_800p.h5,661,13.729639627080887,3.964188065783824,147220.93802984082,22210.569155991583,3876.5354022260294,24
273_800p.h5,662,13.698395100594425,7.619219928305948,146780.35259322892,17212.524405341002,3393.7253994386447,44
273_800p.h5,663,13.685407423720424,3.3111389943017953,145155.65277536673,17469.659424980182,3473.1759463116914,17
273_800p.h5,664,13.561434041094522,6.571807367323796,145904.32999370768,12755.864792768938,2943.333024812205,33
273_800p.h5,665,13.508525026170268,4.116200405197861,148788.6061786597,18200.60053187955,3490.5506086896953,22
273_800p.h5,666,13.695922077014545,1.7489894915437236,149061.17417403235,13934.15286158807,3093.2082110149777,18
273_800p.h5,667,13.63653123983393,6.7312068117136175,141083.46416837137,15376.220865798065,3219.3014704668917,38
273_800p.h5,668,13.558722174039485,6.24806168554235,148957.66614860034,13519.340986770658,3089.7883238900968,31
273_800p.h5,669,13.653377488614629,6.010926230367929,146839.67445100515,17153.00536230177,3417.7739803270106,34
273_800p.h5,670,13.625832509383416,5.348055515478731,145201.21750766327,23349.57515687284,3988.458941385775,29
273_800p.h5,671,13.519352551308055,5.953942532911056,148811.50892706242,20340.796649382282,3752.6192012977945,34
273_800p.h5,672,13.44301528593835,6.476243989199818,142339.83388214742,17391.73613754913,3317.235599176008,35
273_800p.h5,673,13.569796424944887,1.658721995037034,145157.48625221002,11119.927563988429,2720.597524789519,22
273_800p.h5,674,13.818981057130765,1.5387031888009772,149914.8064131096,13793.390112647345,3067.4754277241773,35
273_800p.h5,675,13.857452357783886,0.6875422652982056,146894.50962720797,21509.050976610994,3845.21713767731,35
